row_idx,song_id,midi_path
0,POP909_026,/Users/gyeongchan/Desktop/project_final_imp/data/POP909-Dataset/POP909/026/026.mid
1,POP909_042,/Users/gyeongchan/Desktop/project_final_imp/data/POP909-Dataset/POP909/042/042.mid
2,POP909_064,/Users/gyeongchan/Desktop/project_final_imp/data/POP909-Dataset/POP909/064/064.mid
3,POP909_069,/Users/gyeongchan/Desktop/project_final_imp/data/POP909-Dataset/POP909/069/069.mid
4,POP909_108,/Users/gyeongchan/Desktop/project_final_imp/data/POP909-Dataset/POP909/108/108.mid
5,POP909_144,/Users/gyeongchan/Desktop/project_final_imp/data/POP909-Dataset/POP909/144/144.mid
6,POP909_161,/Users/gyeongchan/Desktop/project_final_imp/data/POP909-Dataset/POP909/161/161.mid
7,POP909_169,/Users/gyeongchan/Desktop/project_final_imp/data/POP909-Dataset/POP909/169/169.mid
8,POP909_174,/Users/gyeongchan/Desktop/project_final_imp/data/POP909-Dataset/POP909/174/174.mid
9,POP909_177,/Users/gyeongchan/Desktop/project_final_imp/data/POP909-Dataset/POP909/177/177.mid
10,POP909_179,/Users/gyeongchan/Desktop/project_final_imp/data/POP909-Dataset/POP909/179/179.mid
11,POP909_183,/Users/gyeongchan/Desktop/project_final_imp/data/POP909-Dataset/POP909/183/183.mid
12,POP909_187,/Users/gyeongchan/Desktop/project_final_imp/data/POP909-Dataset/POP909/187/187.mid
13,POP909_188,/Users/gyeongchan/Desktop/project_final_imp/data/POP909-Dataset/POP909/188/188.mid
14,POP909_193,/Users/gyeongchan/Desktop/project_final_imp/data/POP909-Dataset/POP909/193/193.mid
15,POP909_194,/Users/gyeongchan/Desktop/project_final_imp/data/POP909-Dataset/POP909/194/194.mid
16,POP909_195,/Users/gyeongchan/Desktop/project_final_imp/data/POP909-Dataset/POP909/195/195.mid
17,POP909_198,/Users/gyeongchan/Desktop/project_final_imp/data/POP909-Dataset/POP909/198/198.mid
18,POP909_199,/Users/gyeongchan/Desktop/project_final_imp/data/POP909-Dataset/POP909/199/199.mid
19,POP909_200,/Users/gyeongchan/Desktop/project_final_imp/data/POP909-Dataset/POP909/200/200.mid
20,POP909_201,/Users/gyeongchan/Desktop/project_final_imp/data/POP909-Dataset/POP909/201/201.mid
21,POP909_205,/Users/gyeongchan/Desktop/project_final_imp/data/POP909-Dataset/POP909/205/205.mid
22,POP909_210,/Users/gyeongchan/Desktop/project_final_imp/data/POP909-Dataset/POP909/210/210.mid
23,POP909_219,/Users/gyeongchan/Desktop/project_final_imp/data/POP909-Dataset/POP909/219/219.mid
24,POP909_220,/Users/gyeongchan/Desktop/project_final_imp/data/POP909-Dataset/POP909/220/220.mid
25,POP909_221,/Users/gyeongchan/Desktop/project_final_imp/data/POP909-Dataset/POP909/221/221.mid
26,POP909_222,/Users/gyeongchan/Desktop/project_final_imp/data/POP909-Dataset/POP909/222/222.mid
27,POP909_229,/Users/gyeongchan/Desktop/project_final_imp/data/POP909-Dataset/POP909/229/229.mid
28,POP909_230,/Users/gyeongchan/Desktop/project_final_imp/data/POP909-Dataset/POP909/230/230.mid
29,POP909_235,/Users/gyeongchan/Desktop/project_final_imp/data/POP909-Dataset/POP909/235/235.mid
30,POP909_241,/Users/gyeongchan/Desktop/project_final_imp/data/POP909-Dataset/POP909/241/241.mid
31,POP909_243,/Users/gyeongchan/Desktop/project_final_imp/data/POP909-Dataset/POP909/243/243.mid
32,POP909_245,/Users/gyeongchan/Desktop/project_final_imp/data/POP909-Dataset/POP909/245/245.mid
33,POP909_246,/Users/gyeongchan/Desktop/project_final_imp/data/POP909-Dataset/POP909/246/246.mid
34,POP909_248,/Users/gyeongchan/Desktop/project_final_imp/data/POP909-Dataset/POP909/248/248.mid
35,POP909_249,/Users/gyeongchan/Desktop/project_final_imp/data/POP909-Dataset/POP909/249/249.mid
36,POP909_251,/Users/gyeongchan/Desktop/project_final_imp/data/POP909-Dataset/POP909/251/251.mid
37,POP909_257,/Users/gyeongchan/Desktop/project_final_imp/data/POP909-Dataset/POP909/257/257.mid
38,POP909_258,/Users/gyeongchan/Desktop/project_final_imp/data/POP909-Dataset/POP909/258/258.mid
39,POP909_259,/Users/gyeongchan/Desktop/project_final_imp/data/POP909-Dataset/POP909/259/259.mid
40,POP909_264,/Users/gyeongchan/Desktop/project_final_imp/data/POP909-Dataset/POP909/264/264.mid
41,POP909_267,/Users/gyeongchan/Desktop/project_final_imp/data/POP909-Dataset/POP909/267/267.mid
42,POP909_268,/Users/gyeongchan/Desktop/project_final_imp/data/POP909-Dataset/POP909/268/268.mid
43,POP909_272,/Users/gyeongchan/Desktop/project_final_imp/data/POP909-Dataset/POP909/272/272.mid
44,POP909_275,/Users/gyeongchan/Desktop/project_final_imp/data/POP909-Dataset/POP909/275/275.mid
45,POP909_278,/Users/gyeongchan/Desktop/project_final_imp/data/POP909-Dataset/POP909/278/278.mid
46,POP909_281,/Users/gyeongchan/Desktop/project_final_imp/data/POP909-Dataset/POP909/281/281.mid
47,POP909_283,/Users/gyeongchan/Desktop/project_final_imp/data/POP909-Dataset/POP909/283/283.mid
48,POP909_290,/Users/gyeongchan/Desktop/project_final_imp/data/POP909-Dataset/POP909/290/290.mid
49,POP909_291,/Users/gyeongchan/Desktop/project_final_imp/data/POP909-Dataset/POP909/291/291.mid
50,POP909_292,/Users/gyeongchan/Desktop/project_final_imp/data/POP909-Dataset/POP909/292/292.mid
51,POP909_298,/Users/gyeongchan/Desktop/project_final_imp/data/POP909-Dataset/POP909/298/298.mid
52,POP909_299,/Users/gyeongchan/Desktop/project_final_imp/data/POP909-Dataset/POP909/299/299.mid
53,POP909_304,/Users/gyeongchan/Desktop/project_final_imp/data/POP909-Dataset/POP909/304/304.mid
54,POP909_306,/Users/gyeongchan/Desktop/project_final_imp/data/POP909-Dataset/POP909/306/306.mid
55,POP909_308,/Users/gyeongchan/Desktop/project_final_imp/data/POP909-Dataset/POP909/308/308.mid
56,POP909_310,/Users/gyeongchan/Desktop/project_final_imp/data/POP909-Dataset/POP909/310/310.mid
57,POP909_312,/Users/gyeongchan/Desktop/project_final_imp/data/POP909-Dataset/POP909/312/312.mid
58,POP909_313,/Users/gyeongchan/Desktop/project_final_imp/data/POP909-Dataset/POP909/313/313.mid
59,POP909_315,/Users/gyeongchan/Desktop/project_final_imp/data/POP909-Dataset/POP909/315/315.mid
60,POP909_316,/Users/gyeongchan/Desktop/project_final_imp/data/POP909-Dataset/POP909/316/316.mid
61,POP909_318,/Users/gyeongchan/Desktop/project_final_imp/data/POP909-Dataset/POP909/318/318.mid
62,POP909_320,/Users/gyeongchan/Desktop/project_final_imp/data/POP909-Dataset/POP909/320/320.mid
63,POP909_323,/Users/gyeongchan/Desktop/project_final_imp/data/POP909-Dataset/POP909/323/323.mid
64,POP909_324,/Users/gyeongchan/Desktop/project_final_imp/data/POP909-Dataset/POP909/324/324.mid
65,POP909_326,/Users/gyeongchan/Desktop/project_final_imp/data/POP909-Dataset/POP909/326/326.mid
66,POP909_327,/Users/gyeongchan/Desktop/project_final_imp/data/POP909-Dataset/POP909/327/327.mid
67,POP909_332,/Users/gyeongchan/Desktop/project_final_imp/data/POP909-Dataset/POP909/332/332.mid
68,POP909_334,/Users/gyeongchan/Desktop/project_final_imp/data/POP909-Dataset/POP909/334/334.mid
69,POP909_336,/Users/gyeongchan/Desktop/project_final_imp/data/POP909-Dataset/POP909/336/336.mid
70,POP909_337,/Users/gyeongchan/Desktop/project_final_imp/data/POP909-Dataset/POP909/337/337.mid
71,POP909_349,/Users/gyeongchan/Desktop/project_final_imp/data/POP909-Dataset/POP909/349/349.mid
72,POP909_369,/Users/gyeongchan/Desktop/project_final_imp/data/POP909-Dataset/POP909/369/369.mid
73,POP909_396,/Users/gyeongchan/Desktop/project_final_imp/data/POP909-Dataset/POP909/396/396.mid
74,POP909_538,/Users/gyeongchan/Desktop/project_final_imp/data/POP909-Dataset/POP909/538/538.mid
75,POP909_540,/Users/gyeongchan/Desktop/project_final_imp/data/POP909-Dataset/POP909/540/540.mid
76,POP909_542,/Users/gyeongchan/Desktop/project_final_imp/data/POP909-Dataset/POP909/542/542.mid
77,POP909_552,/Users/gyeongchan/Desktop/project_final_imp/data/POP909-Dataset/POP909/552/552.mid
78,POP909_554,/Users/gyeongchan/Desktop/project_final_imp/data/POP909-Dataset/POP909/554/554.mid
79,POP909_555,/Users/gyeongchan/Desktop/project_final_imp/data/POP909-Dataset/POP909/555/555.mid
80,POP909_576,/Users/gyeongchan/Desktop/project_final_imp/data/POP909-Dataset/POP909/576/576.mid
81,POP909_597,/Users/gyeongchan/Desktop/project_final_imp/data/POP909-Dataset/POP909/597/597.mid
82,POP909_605,/Users/gyeongchan/Desktop/project_final_imp/data/POP909-Dataset/POP909/605/605.mid
83,POP909_618,/Users/gyeongchan/Desktop/project_final_imp/data/POP909-Dataset/POP909/618/618.mid
84,POP909_653,/Users/gyeongchan/Desktop/project_final_imp/data/POP909-Dataset/POP909/653/653.mid
85,POP909_713,/Users/gyeongchan/Desktop/project_final_imp/data/POP909-Dataset/POP909/713/713.mid
86,POP909_775,/Users/gyeongchan/Desktop/project_final_imp/data/POP909-Dataset/POP909/775/775.mid
87,POP909_789,/Users/gyeongchan/Desktop/project_final_imp/data/POP909-Dataset/POP909/789/789.mid
88,POP909_792,/Users/gyeongchan/Desktop/project_final_imp/data/POP909-Dataset/POP909/792/792.mid
89,POP909_795,/Users/gyeongchan/Desktop/project_final_imp/data/POP909-Dataset/POP909/795/795.mid
90,POP909_798,/Users/gyeongchan/Desktop/project_final_imp/data/POP909-Dataset/POP909/798/798.mid
91,POP909_806,/Users/gyeongchan/Desktop/project_final_imp/data/POP909-Dataset/POP909/806/806.mid
92,POP909_898,/Users/gyeongchan/Desktop/project_final_imp/data/POP909-Dataset/POP909/898/898.mid
93,POP909_905,/Users/gyeongchan/Desktop/project_final_imp/data/POP909-Dataset/POP909/905/905.mid
94,POP909_906,/Users/gyeongchan/Desktop/project_final_imp/data/POP909-Dataset/POP909/906/906.mid
